kangen kimcil si tanggung jawab sehat mental,Positif,Positif
sering gatau kalo mikirin sehat mental ku ngga kayak nya ngga sih awikwok bgt,Positif,Positif
mysunnie sebenarny tuh pak teliti gaperlu kantor yg perlu teliti adalah sehat mental,Positif,Positif
jaga asupan dg makan atur kalo sayur buah ga lewat minum air putih banyak jaga pola tidur jaga sehat mental,Positif,Positif
asri alami sehat praktis dian savitri studi risiko ganggu sehat mental tingkat usai covid,Positif,Positif
mundur aja kak krn sehat mental jaih lebih baik kita kerja mental sehat wlpn gaji twrlihat sikit isnyaallah jauh lebih cukup,Positif,Positif
bukan mau lihat butuh perhati no just about mental health kamu gak sembuhin beli obat no sehat mental jauh lebih penting untuk please hati pikir tenang kamu kuat,Positif,Positif
akhir jadi sering tidur lebih awal jadi cepet ngantuk terlalu banyak pikir ken nglepas penat sama capek kudu dengerin julidan orang dulu wkwk yaudahlah sehat mental sering ga aku dengerin karna udah capek bgt tidur aja tidur ntar subuh bangun,Negatif,Positif
sumpah deh demiiiii ngefollow instagram taehyung tuh baik sehat mental his instagram is very very instrumental to my sanity,Positif,Positif
olahraga tingkat fungsi kebal tubuh rangsang nafsu makan tingkat sehat mental cegah sembelit sayaberani hiv,Positif,Positif
iyaaa gue bk ajar psikologi didik psikologi sehat sehat mental psikologi umum filsafat psikologi banyak dah,Positif,Positif
tunggu jinyoung kaya gin demi sehat mental demi sehat mental nonton wkwkwkk,Positif,Positif
omg samaaa km smgttt biyyy jaga sehat jgn sampe stress sehat mental km jg dieprhatiin jg yaaaa amp amp amp amp amp smgttt smg lancar semua uji amp upraknya lt,Positif,Positif
ih yaallah liatin tengah malem ga bagus bgt buat sehat mental,Positif,Positif
review jujur mahasiswa efkaha tahun pucuk unr overall seru baik baik aja sehat mental dengan banyak inhale exhale pasrah serah ajar susah payah tani kucur airmata hiperbola sih,Positif,Positif
kondisi ini buat beberapa jalan wfh kerja rumah tetap produktif yuk tetap jaga sehat tubuh mental kita bagaimana cara simak infografik ikut jangan lupa tetap terap protokol sehat m,Positif,Positif
sering positive thinking bodo demi tenang hidup jaga sehat mental,Positif,Positif
bukan agama mba suami suka istri pakai buka depan laki apa timbul puas laki birah lihat istri sehat mental sang suami patut tanya bisa ujung kasus bawah jika terus biar,Positif,Positif
abis baca rasa de javu emang enak sih gaji digit kadang gak worth it sama sehat fisik mental turut mindset utama banyak usaha indo profit profit profit push your limit sejahtera karyawan di no,Positif,Positif
contoh kalian ngeliat temen kalian lebih pintarkarena rasa insecure kalian coba ajar lebih giat bisa jadi pintar lebih teman teman kalian sumber sehat mental,Positif,Positif
aku ken banget punya pacar baru jadi pilih utama bentuk nilai tidak bisa akses masyarakat indonesia khusus bidang sehat mental health ku tak mampu tahan sama nama trust issues lebih enteng jodoh cape,Positif,Positif
gue beli dus zonk semua gue suruh jaga sehat mental,Positif,Positif
masyarakat sekarang sehat mental healing ini syarat salah satu sdg sehat mental amanah orang tua socialhealing,Positif,Positif
ni seokjin ngepost hari turut turut ga baik buat hati sehat mental gue,Positif,Positif
pernah mikir salah tempat ada lingkung toxic banyak tekan mau move sadar diri uang stag situ aja mau ngorbanin uang buat planning buat sehat mental,Negatif,Positif
journaling banyak manfaat lho utama sehat mental reda stress bantu pulih traumatis hingga tingkat mood cr orami,Positif,Positif
jaga sehat mental kendall jenner suka tulis buku hari lengkapcepatberitanya celebrity kabarartis gosip,Positif,Positif
cinta diri sendiri lebih siapa itu baik buat sehat jiwa mental,Positif,Positif
yaallah moga lulus tepat waktu beri sehat mental fisik aamiin,Positif,Positif
ga lucu banget kalo orang becanda sampe ganggu sehat mental orang kek anjing banget ga siii bego tuh orang sembunyi balik kata becanda kek hello lu gblk banget,Negatif,Positif
beda bonek masang spanduk rumah orang tua evan mas lo malah nyerang mental langsung sehat mental kalau usia tua sangat pengaruh,Positif,Positif
diputusin sehat mental dua,Positif,Positif
willy iya bener bang soal selingkuh hanya sakit pasang tp anak putus paling tepat buang tukang selingkuh sehat mental anak,Positif,Positif
support system waktu tidur atur sehat mental bagus amp berani,Positif,Positif
sehat mental sama penting sehat fisik masyarakat makmur masyarakat sehat fisik mental amanah orang tua socialhealing,Positif,Positif
upaya tingkat sehat mental bidan masa pandemi covid bidan midwife,Positif,Positif
kenal daydreaming manfaat lamun manfaat sehat mental loh,Positif,Positif
kalo bilang baperan woi lah manusia biasa loh hati its oke sekali kali kalo kali kali gue yakin siapa ga ada sanggup tahan duit di cari sehat mental jauh lebih penting,Positif,Positif
buat dzikir jalan beri sehat mental yah,Positif,Positif
plis jangan jadi perang buat canda sendiri berani ngukuti berani nonton berita mana soal perang sana big no orang mudah overthinking jaga sehat mental,Positif,Positif
wah mah udah red flag banget nder banget kalo gak cepet lu putusin yuk putus aja sehat mental lu nder,Positif,Positif
tidur lebih awal penting sehat mental kalau mental baik meski tidur rentang jam udah cukup lebih mudah bangun lebih awal ga ngerasa kurang tidur kalau mental buruk banyak apa kamu tidur rasa selalu kurang,Positif,Positif
bener siih jan lupa bawa allah tenang sehat mental thats enough for me think,Positif,Positif
perbnyk metime jga nder parah si smua lgi masa stress bngt ngambang semngatt yah terus doa jga banyak makan jaga sehat fisik maupun mental,Positif,Positif
persetan sehat mental,Negatif,Positif
ayo rileksasi dulu michi aku tahu kamu sibuk kerja keras memang laku semua kerja selesai tepat waktu kamu perlu istirahat lho istirahat sangat penting rileksasi juga sehat mental,Positif,Positif
beberapa yang anda laku jaga sehat mental lama pandemi virus corona userstory,Netral,Positif
sehat mental kejiawaan kak,Positif,Positif
hiii my fullsun si anak baik anak ganteng bangga mau ngisi ost makin bangga makin sayang sehat terus yaa sayang jaga diri baik sana jaga sehat fisik sama mental kamu ilymoreee haechanfirstost haechan,Positif,Positif
satu yg ajar lebih situasi ini tetap jalan kaki sendiri usah hambur energi andal orang maka itu jaga sehat mental fisik memang perlu laku,Positif,Positif
no worth it sihh tipes lhoo kamu libur x bulan semangat nder insyaallah yang lebih baik sehat mental lebih penting,Positif,Positif
serius jam gin wih semangat terus kak jangan lupa makan sama minum air putih jangan lupa mikiri aku biar makin semangat terus canda jangan mikirin bebeb terus soal ga baik buat sehat mental gt,Positif,Positif
tertawa baik sehat mental pada tertawa endorfin lepas dapat buat asa jauh lebih baik,Positif,Positif
cm guys kalo stres masuk sehat mental jiwa yaa,Positif,Positif
tinggal orang toxic sehat mental sayang mental skrg fokus aja sm cita cita impi,Positif,Positif
ga lama block hide unfollowitu childish because menjagakesehatan mental yangterpenting,Positif,Positif
tenang ibu tenangsebenarnya semua sulit tombol exit upa resign sehat mental jauh lebih mahal sehat keuanganmental baik mampu bawa uang baik uang baik tentu bawa mental baik,Positif,Positif
jangan kan crush temenku kaya gitu sekali kali langsung aku byeeee gabaik buat sehat mental hoek,Positif,Positif
liat masa gapyear lebih baik buat sehat jiwa raga mental even awal bgtt,Positif,Positif
oikawa tooru is great reference pic nya aku minta maaf aku belum pasti yang maksud pasal adalah salah satu jenis buah sehat mental health sexuality and gender violence as kid and iwaizumi as an actor,Positif,Positif
sehat mental raga,Positif,Positif
ga ngerti bgt sma ni bunbun bilang sehat mental si salim gimana lupa dia pernah bikin sayembara which its juga bkin mental org rusak,Positif,Positif
awal thread doa sesuai agama percaya masing masing aamiinn dengan ini moga beri waras sehat mental fisik maupun batin kuat oleng bestie to,Positif,Positif
drop it sist sehat mental lebih penting,Positif,Positif
penting buat atlet ganggu mental sehat mental performa optimaljika lihat spektrum sehat mental atas performance psychology peran dalam dorong atlet bisa beri performa optimal,Positif,Positif
gw capeee capeee bangettt capee tau ga sihhhh capeee semua nyepelein sehat mental kenapaaaaaaaaa,Negatif,Positif
bukan sombong apa tp makin buka tu bikin makin sedih jd gue lebih sering milih diem mungkin nilai ego tp sehat mental bun jd buat gue better nenengin dulu baru respon org supaya responnya ga emotional begitu kurang lebih,Positif,Positif
two wrongs dont make right but also aku ga kaget soal banyak pas mahasiswa omong ga filter mental health bikin canda sad ya gimana karna masuk jurus sehat gabisa ngefilter attitude duluan,Positif,Positif
sering tulis jurnal maudy ayunda ungkap manfaat sehat mental,Positif,Positif
kata si angkat isu sehat mental bipolar banyak ban ban bilang terlalu lebay sama orang idap bipolar sendiri,Positif,Positif
akhir babon kakek uus keluar fren langsung aman kan menang sehat mental fren pola olympusx manual xxxx quick auto xvx dc onx turbo auto vxv dc onx quick auto xvx dc onlink main bio fren ada bonus,Positif,Positif
banyak mampu wawas luas mental stabil sehat tenang hidup,Positif,Positif
cari kerja sesuai sama skill nder ntar kalo dah nemu ambil aja kerja ini lepas aja sehat mental penting nder takut sakit perlu pertimbangin aja nder apa yang hadapin semangat,Negatif,Positif
duit memang perlu tp sehat lebih penting baik mental fisik,Positif,Positif
iwaizumi hajime athletic trainer ngga baik buat sehat jantung mental,Positif,Positif
id bener banget kenapa perlu aware sehat mental orang salah satu cara atas,Positif,Positif
orang orang sempro diri sendiri undang rayain sempro sana sini sampe sekarang ga pernah join sehat mental join skip,Positif,Positif
qlp ll la sehat mental perlu bang kalo abgnya nanya yg kurang kek otaklu kurang deh bg,Positif,Positif
hmmm bingung mau stop sini lanjut aja sehat mental penting,Positif,Positif
chan lu mikir kaga sehat hati jiwa raga mental psikis gue,Positif,Positif
photocard sehat mental keluarga,Positif,Positif
cm kalian inovasi perlu dikembangin yg ada utama bidang psikologi sehat mental yaa tp itu jg drop makasiii,Positif,Positif
sedang jaga mental sehat jiwa raga jd ga ntn ic dulu bastie takot triger ama nino ikatancintaep ikatancinta,Positif,Positif
tau batas pikirin orang sama sehat mental nya hihh gua makan lu,Positif,Positif
rumah sehat mental ancam luar sehat fisik ancam akhir pilih di rumah walaupun ujung hedon butuh hibur padahal niat ken nonton nabung konser doang emang,Positif,Positif
cowo usak sehat mental cewe gapantes buat bahagia,Positif,Positif
jaga sehat mental mulai pencet tombol unfollow,Positif,Positif
aset kaya paling mahal waktu umur setia rasa aman percaya sehat mental,Positif,Positif
menfess jauh paling suka its okay to not be okay kalo cari seru dapet bagus dapet lucu dapet sedih drama cara ga lgsg ngajak tonton buat aware sm sehat mental dan cara buat nanganin seru krn emosi tonton ikut libat,Positif,Positif
dpt kartu sehat mental malah kena mental,Positif,Positif
ganggu sehat mental dampak buruk anak lihat situasi kdrt,Negatif,Positif
hari aku buat surat nyata undur diri dr ksn sama ekstra huhuu sedih gimn sehat mental ku ga kuat huwee,Positif,Positif
wkwkwk skip dulu deh sehat mental hidup tenang,Positif,Positif
run bestie run sehat mental fisik jauh lebih penting,Positif,Positif
benar usaha wajib beri lindung sejahtera selamat sehat fisik mental kerja tera uu ketenagakerjaan pasal ayat no tahun sehat mental kerja usaha sedia konsultasi psikologi,Positif,Positif
di awal kalimat cb ku gantikayak beri sadar masyarakat penting sehat mental,Positif,Positif
joktug buat pidato sehat mental dikit aja yg simpel drop fee,Positif,Positif
kak its sehat sama mental lu lbh utama jgn terlalu pikirin yg ga penting sehat selalu kak,Positif,Positif
pokok sehat mental sehat hati diri sendiri eksklusif jgn sakit hal kecil salah ambil putus ujung bahaya diri sendiri,Positif,Positif
jawab bikin sakit kepala gue makin jadi kira bakal jawab lah ngapain nanyain gw eh malah gitu gabaik buat sehat mental kepala hati gue udh bikin tahan kaya tembok china jadi runtuh,Positif,Positif
sehat mental tuh jaga bukan manja,Positif,Positif
sehat mental gua,Positif,Positif
bestie sehat mental tetap jadi concern,Positif,Positif
jgn nder sayang diri km dr segi mental fisik sehat plis pake logika skrg gin aja km mikir aja aja sblm pcrn amp meni sm km udah berani begitu an gmn kl km nikah sm nnti,Positif,Positif
keluar aja nder ga usah nunggu kerja gantinyakesehatan mental mu lebih penting,Positif,Positif
doie usah kak sehat mental isi astaga mending ngebadut nunggu cb,Positif,Positif
ngulang nonton layang putus tuh gak nyangka orang psikolog notabene jaga sehat mental malah jadi usak mental,Positif,Positif
engga kok aku in sama opini kamu emang sehat mental awam jadi mungkin ada berfikir spritual things,Positif,Positif
cm kalau kalian suruh milih mending ikutin mau dosbing sehat mental kalian masalah aku udah trauma sama disaranin dosbing aku kait skripsi tp memang beliau selalu suport tp aku idh ga,Positif,Positif
sehat mental penting ga kamu penting banget,Positif,Positif
moga cepat bisa work lebih baik finansial sehat mental utama berkah aamiin,Positif,Positif
suka heran sama orang mikirnya cuman duit waris kalian sehat mental sedikit bahagia gk cukup gimna sih gue punya hak aja biasa aje gk mau tau kalian ribet rebut otak dimna dah,Positif,Positif
blacklist suguru sehat mental,Positif,Positif
pandang hukum no comment tapi sehat mental anak dampak buruk lingkung sosial aktivitas hidup gue rugi situ,Positif,Positif
suruh cek sehat mental sama orang mental nya ketikanduh duh,Positif,Positif
jadi pribadi lebih baik sudah gak mikirin hal rugi sehat mental bahagia sama orang sayang lebih harga,Positif,Positif
serba salah tapi sehat mental bukan tanggung jawab kamu kamu hak bahagia,Positif,Positif
punya masalah mental kok mau buat org juga ngerasa yg sama aneh sehat mental dia ngada punya masalah kek gtu saking drama jadi kek dak tau benar endakfck bgt,Positif,Positif
sehat mental makin jaga nyata gaperlu dokter apa yaa walaupun tiap beberapa minggu sekali beli obat buat tenangin pikir,Positif,Positif
sehat mental hati aku henti berekspektasi tinggi,Positif,Positif
tips adjie santosoputro sehat mental tetap jaga lama wfh,Positif,Positif
klo lebih masalah sehat mental kamu si nder biasa jadi kamu terlalu kesel ga capai gtu,Positif,Positif
mending igbas aja nder sehat mental once,Positif,Positif
jyp please lah utama sehat mental artis artis kalo gaada klarifikasi cemana lah anak anak ku,Positif,Positif
kuliah semester aja bikin minta healing bulan buat sehat mental kalo perang mental gw mah ga sanggup dah amit perang moga konflik cepat selesai,Positif,Positif
cobaaaaaaa pkirin sehat mental gueeeee mkstnya apaaaaa ketekannn allah,Positif,Positif
bener sehat mental paling penting traveloka warga jul,Positif,Positif
schapp kira kira yang mau jadi responden karya ilmiah ga tentang sehat mental kalang ajar sma saat pandemi aku kasih link gform nya bawah terimakasih,Positif,Positif
blocked aja bun kalo ga sesuai rule and ngotot buat sehat mental admin,Positif,Positif
aku peduli kok sama sehat mental temenku kalau curhat kait diri saat ga tepat mental ku tambah kacau aku neng kok percaya sama aku aku butuh tempat curhat aku ga tempat buat numpahin cerita aku mau lari,Positif,Positif
meski eco anxiety hal personal perlu sadar ubah iklim masalah struktural sistemik anggap isu bisa atas aksi individu kamu salah diri sendiri ubah iklim makin buruk,Negatif,Positif
neng di approved haru alas allah bikin menang jadi sedih mundur gin aku memang utama sehat fisik mental,Positif,Positif
media pintar juang mpp kanal media ajar hadir edukasi sehat mental para kader partai masyarakat indonesia tangan langsung psikolog profesional pdiperjuangan bangunlahjiwadanbadannya tahunpdiperjuangan,Positif,Positif
bayang punya rumah bantu proses tingkat sehat bangun rumah sakit atau bahkan kantor tarik prinsip sebut yakin pengaruh baik sehat fisik maupun sehat mental,Positif,Positif
sehat mental masing masing alias saling sambat hidup seru dah,Positif,Positif
kalau bapak salah julid bapak aja kalau emang bisnis masalah yaudh topik situ aja kenapa jadi kaya nyerembet kuliah sampe fisik nya segala urus coba sibuk ngomongin sehat mental ujung nya malah jadi bully,Positif,Positif
ambis tapi tetep jaga sehat fisik mental benar agak susah buat jaga sehat mental banyak faktor bakal muncul di masa masa kayak begini bayak bagai macam tekan tapi usahain tetap tegar jangan nyerah,Positif,Positif
lebih parah sehat mental sedang agung kan ini akam pengaruh gejolak perang sendiri karena beban kerja tugas skripsi aja bikin sakit mental kondisi perang yakin sanggup,Positif,Positif
sedih banget sampe bawa mimpiiiiii btw emang banyak protes gara gara gituu satu dus isi sehat mental bikin kena mental,Negatif,Positif
aminnnnnnwalaupun mental senggol tipis tipis gila gila kerja layan kesehatansetidaknya duit buat healing jajan merchnya om om ganteng,Negatif,Positif
jaga sehat badan jaga sehat mental tidak kalah penting masa masa sekarang,Positif,Positif
aing beli lemonilo knp egk pernah dpt ayank trs yh tp gpp dpt kartu sehat mental,Positif,Positif
bpjs bisa manfaat dapat layan konseling obat ganggu sehat mental bagaimana cara,Positif,Positif
bukan masalah uang sebenernya sehat fisik mental gatau deh apa jam dgn istirahat menit gilagila,Positif,Positif
mental health rupa penting perlu perhati layak sehat fisik kondisi sehat mental saling pengaruh sehat fisik walaupun banyak belum sadar betapa penting sehat mental,Positif,Positif
bagaimana aplikasi dating pengaruh sehat mental ikut ulas,Positif,Positif
punya sehat mental baik,Positif,Positif
hah emang banyak buka twitter gak sehat buat sehat mental gue,Positif,Positif
maksud jadi si paling keras gue lihat anak anak sekarang lemah banget ngadepin dunia kayak dikit dikit stress dikit dikit nyerah butuh healing ngerjain tugas sekolah ga berapa semua karena terlalu meromantisasi sehat mental yah,Negatif,Positif
harus siap anak muda bangun kapasitas intelektual integritas amp karakter mental kuat sehat fisik semua untuk modal laku ubah muda kuat demokrattothemoon ahy harap,Positif,Positif
nonaktif ig sehat mental usia quartee life crisis,Positif,Positif
sehat mental panci ragu laporkanroysuryo,Positif,Positif
nunda tidur sampe jam gin emg gabaik gabaik buat sehat tubuh sangat bahaya bgtttt buat sehat mental ujungujungnya ovethingking,Positif,Positif
bagus member jkt pantau ortu sosmed krn kata keti bs ganggu sehat mental semangat tante,Positif,Positif
sehat mental bidan penting masa pandemi empat upaya,Positif,Positif
selamat datang imaginarium buah ruang imaji risi macam buah tahu putar sehat mental,Positif,Positif
buku gak diagnosis sakit mental tentu maupun obat kalau kalian keluh kait sehat mental segera hubung ahli,Negatif,Positif
yoshinori sangat bahaya sehat jantung mental,Negatif,Positif
sikap buruk ama ramai orang alias membully timbul luka dalam bahkan sehat mental orang kadang juga laku sadar,Negatif,Positif
review fkupas terima neng haripas ngejalanin nang tahunak tiap mau uji nang shshshhshshshshs mo gila pilih fk gada soca jenis guys asli mah sehat mental bgt,Positif,Positif
cek sehat mental curhat psikolog bagus benar,Positif,Positif
sungguh baik utk sehat jantung mental hati asa jiwa raga,Positif,Positif
askrl titip hai jadi aku emang punya sehat mental jadi kalo sakit kumat cowo ku selalu bilang aku lebih lebih imajinasi bahkan bilang aku suka ngada ngada ttg sakit kadang cape tahan aku sayang banget sama,Positif,Positif
khayal baik sehat mental,Positif,Positif
aink cowo terlalu peduliin sehat mental tipe cowo gabisa kena pressure dgn alas takut stresss halah bapet gatau aja butuh desa stress utk bs tetap hidup mental tempee,Positif,Positif
baguss bgt buat sehat mental,Positif,Positif
beritapidiejayakapolres pijay akbp musbagh ni am sag sh mh kata giat rutin laku tahu kondisi sehat fisik mental personel baik bintara maupun perwira,Positif,Positif
lt lt lt kabar unika gt gt gt kasus ganggu sehat mental anak naik lama pandemi kata psikolog kasus covid anak anak alami tingkat signifikan sejak akhir januari lalu hingga pekan awal februari kutip lt lt lt kabar unika,Positif,Positif
ohiya cool kids ingat bela diri laku bukan semata mata kontrol ubah biasa perilaku orang yaa bela diri sebut laku tahan damai sehat mental diri pribadi,Positif,Positif
nama scb ga baik sehat mental,Positif,Positif
harus siap anak muda bangun kapasitas intelektual integritas amp karakter mental kuat sehat fisik semua untuk modal laku ubah demokrattothemoon ahy harap loyalisahy,Positif,Positif
isu yg rame sehat mental rasa gender bas online,Positif,Positif
ris disaranin sehat otak mental mndingan jangan,Positif,Positif
lihat baik baik tapi percaya sehat mental tidak,Positif,Positif
sehat mental meding tidur bg,Positif,Positif
mampu ada saat sekarang komponen utama sehat mental amanah orang tua socialhealing,Positif,Positif
sch kalau kalian jadi maba materi yang ken kalian dapetin ospek kalo sender ken materi sehat mental,Positif,Positif
kalo acara jalan males bngt ikut enak rumah walapun ga kasih makan gapapa pnting sehat mental lebih utama,Positif,Positif
matkul aku dapetin padu sosiologi psikologi sini aku ajar miskin sehat mental pmks sandang masalah sejahtera sosial output jurus kita jadi peksos kerja sosial bagai bidang,Positif,Positif
matkul sehat mental tp baru temu mental dah guncang,Positif,Positif
gak perlu ambis tinggi benerin sehat mental dulu aja lah wis mending banget kui,Positif,Positif
kaya ngaruh emang sehat mental masyarakat dan lama masa pandemi,Positif,Positif
sempat kalian ganti oshi sehat mental,Positif,Positif
manajer fahmi ayu aulia memang pernah diagnosis alami masalah sehat mental,Positif,Positif
update hasil birthday project suga donasi bantu sintas sehat mental kumpul banyak rp donasi terus buka temen temen donasi lalu army,Negatif,Positif
masa pandemi belum usai selain laku metode self healing jaga sehat mental jaga imunitas tubuh jadi prioritas tidak lewat,Negatif,Positif
manusia justru perlu punya mental sehat mampu laku giat optimal banyak yang laku coaching bangun sehat mental prima,Positif,Positif
masyarakat hak sehat juga sehat mental jiwa amanah orang tua socialhealing,Positif,Positif
fix mental sm sehat fisik lu bakal uji sih dlm beberapa situasi,Positif,Positif
okee aku lebih baik gatau jaga sehat mental,Positif,Positif
ilham masalah timbul akibat huni jauh kantor bukan cuman soal sehat baik fisik mental juga isu ramah lingkung produktivitas kerja surabaya masuk ampas transportasi umum laju pake kendara pribadi,Positif,Positif
studi risiko ganggu sehat mental tingkat usai covid,Positif,Positif
toxic kerja nyata lebih bahaya buat sehat mental deh,Positif,Positif
karna gk ngubah pikir banyak orang kita ngubah pikir sendiri sehat mental mungkin tiara muak kata semangat jd silah untuk rasa sedang baik baik,Positif,Positif
bayang sehat mental skrg miris,Netral,Positif
aku satu satu tanggung jawab penuh atas sehat mental amp emosional sendiri aku mau amp mampu proaktif ambil langkah lindung sehat mental amp emosional sendiri,Positif,Positif
baik sehat mental,Positif,Positif
sehat mental gue hapus ig aja sih,Positif,Positif
banget saja jangan pernah korban sehat mental kamu senang pasang,Positif,Positif
sedang jatuh cinta sama buku bahas sehat mental bius jam selesai baca buku biji hlm,Positif,Positif
